<application>
  <component name="FeatureSuggesterSettings">
    <option name="suggesters">
      <map>
        <entry key="Comment with line comment_" value="false" />
        <entry key="Completion with replace_" value="false" />
        <entry key="Completion_" value="false" />
        <entry key="Edit breakpoint_" value="false" />
        <entry key="File structure_" value="false" />
        <entry key="Introduce variable_" value="false" />
        <entry key="Mute breakpoints_" value="false" />
        <entry key="Paste from history_" value="false" />
        <entry key="Run to cursor_" value="false" />
        <entry key="Surround with_" value="true" />
        <entry key="Unwrap_" value="false" />
      </map>
    </option>
    <option name="workingDays">
      <list>
        <option value="1668184422376" />
        <option value="1668410415147" />
        <option value="1668855632760" />
        <option value="1668916128712" />
        <option value="1669141627699" />
        <option value="1669207377724" />
        <option value="1669290069237" />
        <option value="1669376717530" />
        <option value="1671387266016" />
        <option value="1671401408353" />
        <option value="1672148795495" />
        <option value="1672241516902" />
        <option value="1673112971597" />
        <option value="1673128801633" />
        <option value="1673226783689" />
        <option value="1673352125433" />
        <option value="1673549282242" />
        <option value="1673560800765" />
        <option value="1673740608662" />
        <option value="1673820790282" />
        <option value="1674496356751" />
        <option value="1674518152819" />
        <option value="1674822573529" />
        <option value="1675162296630" />
        <option value="1675206001418" />
        <option value="1675292400118" />
        <option value="1675378813796" />
        <option value="1675465207546" />
        <option value="1675551654783" />
        <option value="1675638765262" />
      </list>
    </option>
  </component>
</application>