<application>
  <component name="NodeJsLocalInterpreterManager">
    <local-interpreter path="$USER_HOME$/.nvm/versions/node/v17.9.0/bin/node">
      <version-cache version="17.9.0" last-modified="1649355856000" />
    </local-interpreter>
    <local-interpreter path="/usr/local/bin/node">
      <version-cache version="17.9.0" last-modified="1649986689173" />
    </local-interpreter>
    <local-interpreter path="$USER_HOME$/.nvm/versions/node/v16.18.1/bin/node">
      <version-cache version="16.18.1" last-modified="1667561607000" />
    </local-interpreter>
    <local-interpreter path="$USER_HOME$/.nvm/versions/node/v14.20.1/bin/node">
      <version-cache version="14.20.1" last-modified="1663898873000" />
    </local-interpreter>
    <local-interpreter path="$USER_HOME$/.nvm/versions/node/v14.17.0/bin/node">
      <version-cache version="14.17.0" last-modified="1620756851000" />
    </local-interpreter>
    <local-interpreter path="$USER_HOME$/.nvm/versions/node/v14.7.0/bin/node">
      <version-cache version="14.7.0" last-modified="1596041994000" />
    </local-interpreter>
    <local-interpreter path="$USER_HOME$/.nvm/versions/node/v14.4.0/bin/node">
      <version-cache version="14.4.0" last-modified="1591108404000" />
    </local-interpreter>
    <local-interpreter path="/bin/node">
      <version-cache version="12.22.5" last-modified="1632303381000" />
    </local-interpreter>
    <local-interpreter path="/usr/bin/node">
      <version-cache version="12.22.5" last-modified="1632303381000" />
    </local-interpreter>
  </component>
</application>